bank_name,quarter,anom_score,systemic_score,adjusted_score,is_anomaly,known_event,known_event_label
JPMorgan Chase and Co,06/30/2001,0.38936901652512945,0.38944986430386436,-8.08477787349049e-05,0,False,
JPMorgan Chase and Co,09/30/2001,0.3798845827690106,0.3932955617153867,-0.013410978946376106,0,True,9/11 Terrorist Attacks - market-wide shock
JPMorgan Chase and Co,12/31/2001,0.37963497815365266,0.384027399134491,-0.004392420980838363,0,False,
JPMorgan Chase and Co,03/31/2002,0.41544286029414523,0.4078137573552626,0.007629102938882637,0,False,
JPMorgan Chase and Co,06/30/2002,0.4089501572150467,0.3865912796474162,0.022358877567630497,0,False,
JPMorgan Chase and Co,09/30/2002,0.3695764668221898,0.3742672325877737,-0.004690765765583915,0,False,
JPMorgan Chase and Co,12/31/2002,0.3733221945616347,0.37747817615254897,-0.004155981590914293,0,False,
JPMorgan Chase and Co,03/31/2003,0.41416632961020355,0.3976093630539195,0.01655696655628408,0,False,
JPMorgan Chase and Co,06/30/2003,0.383265521826445,0.3871303009584577,-0.0038647791320126634,0,False,
JPMorgan Chase and Co,09/30/2003,0.38419739891858967,0.3634434199106845,0.020753979007905154,0,False,
JPMorgan Chase and Co,12/31/2003,0.3650193196438049,0.3743180911928664,-0.009298771549061502,0,False,
JPMorgan Chase and Co,03/31/2004,0.4205815821284623,0.40621442437841426,0.014367157750048043,0,False,
JPMorgan Chase and Co,06/30/2004,0.4077797016982457,0.4454651564791892,-0.03768545478094354,0,False,
JPMorgan Chase and Co,09/30/2004,0.6500352855261639,0.4364039263776288,0.21363135914853504,1,False,
JPMorgan Chase and Co,12/31/2004,0.3677767070340078,0.3582478573923374,0.00952884964167039,0,False,
JPMorgan Chase and Co,03/31/2005,0.4410152416098203,0.40535192774829615,0.03566331386152416,1,False,
JPMorgan Chase and Co,06/30/2005,0.37781430685601936,0.37730929670112123,0.0005050101548981223,0,False,
JPMorgan Chase and Co,09/30/2005,0.3594034021306522,0.3730856079228777,-0.01368220579222551,0,False,
JPMorgan Chase and Co,12/31/2005,0.3706166642817413,0.3637328965759535,0.006883767705787802,0,False,
JPMorgan Chase and Co,03/31/2006,0.4175273113482599,0.41527002157620047,0.002257289772059412,0,False,
JPMorgan Chase and Co,06/30/2006,0.3803403525087526,0.39068573308085386,-0.01034538057210127,0,False,
JPMorgan Chase and Co,09/30/2006,0.38674259171716313,0.3688045569969145,0.01793803472024863,0,False,
JPMorgan Chase and Co,12/31/2006,0.35648249842726626,0.3654030375315654,-0.00892053910429913,0,False,
JPMorgan Chase and Co,03/31/2007,0.3700954420588328,0.3938990031836439,-0.02380356112481108,0,False,
JPMorgan Chase and Co,06/30/2007,0.38300636127218457,0.4035438750099685,-0.020537513737783952,0,False,
JPMorgan Chase and Co,09/30/2007,0.35380346330230433,0.3569985212563749,-0.003195057954070546,0,False,
JPMorgan Chase and Co,12/31/2007,0.3547951398805427,0.3818630994057311,-0.027067959525188423,0,False,
JPMorgan Chase and Co,03/31/2008,0.43769666462602813,0.4120509140720944,0.025645750553933755,0,False,
JPMorgan Chase and Co,06/30/2008,0.44035423883155855,0.4036000738839454,0.03675416494761313,0,False,
JPMorgan Chase and Co,09/30/2008,0.5388723334954275,0.42773683175623123,0.11113550173919629,1,False,
JPMorgan Chase and Co,12/31/2008,0.44900147923895073,0.5201198163880119,-0.07111833714906113,1,False,
JPMorgan Chase and Co,03/31/2009,0.4385121428362905,0.4868374913990873,-0.0483253485627968,0,False,
JPMorgan Chase and Co,06/30/2009,0.4172974135778204,0.43197714909138085,-0.014679735513560443,0,False,
JPMorgan Chase and Co,09/30/2009,0.34593291484961486,0.3740934251601538,-0.028160510310538955,0,False,
JPMorgan Chase and Co,12/31/2009,0.3675816107140408,0.386219277973916,-0.0186376672598752,0,False,
JPMorgan Chase and Co,03/31/2010,0.42082660435529173,0.4327079065269481,-0.011881302171656394,0,False,
JPMorgan Chase and Co,06/30/2010,0.37827709464085457,0.386880073748705,-0.008602979107850406,0,False,
JPMorgan Chase and Co,09/30/2010,0.36178236490977894,0.3721166265990154,-0.010334261689236457,0,False,
JPMorgan Chase and Co,12/31/2010,0.35015505214590253,0.3690993764840896,-0.018944324338187046,0,False,
JPMorgan Chase and Co,03/31/2011,0.38568427014285983,0.4041354892513578,-0.01845121910849795,0,False,
JPMorgan Chase and Co,06/30/2011,0.3551758178191966,0.37487886678238397,-0.019703048963187364,0,False,
JPMorgan Chase and Co,09/30/2011,0.3603388083072824,0.3837798983917325,-0.02344109008445011,0,False,
JPMorgan Chase and Co,12/31/2011,0.3454363329060321,0.36866245726616703,-0.023226124360134937,0,False,
JPMorgan Chase and Co,03/31/2012,0.3943636069462042,0.3957352527016417,-0.0013716457554375228,0,False,
JPMorgan Chase and Co,06/30/2012,0.34604222006740354,0.39076962461531917,-0.04472740454791563,0,False,
JPMorgan Chase and Co,09/30/2012,0.35565925205946874,0.3559479937787195,-0.0002887417192507513,0,False,
JPMorgan Chase and Co,12/31/2012,0.34512395446102717,0.35886591181152766,-0.013741957350500489,0,False,
JPMorgan Chase and Co,03/31/2013,0.3561802923041748,0.3844613623744541,-0.0282810700702793,0,False,
JPMorgan Chase and Co,06/30/2013,0.39118894611957905,0.379374554686189,0.011814391433390026,0,False,
JPMorgan Chase and Co,09/30/2013,0.3698390865658612,0.3600012809369255,0.009837805628935659,0,False,
JPMorgan Chase and Co,12/31/2013,0.3484846945370093,0.3558351868268044,-0.007350492289795063,0,False,
JPMorgan Chase and Co,03/31/2014,0.3813869897314692,0.38263378077924753,-0.0012467910477783617,0,False,
JPMorgan Chase and Co,06/30/2014,0.3412019895615323,0.36669888611792195,-0.025496896556389648,0,False,
JPMorgan Chase and Co,09/30/2014,0.3336852902485153,0.35198976355853556,-0.018304473310020275,0,False,
JPMorgan Chase and Co,12/31/2014,0.33892116096630953,0.3550111079423022,-0.01608994697599264,0,False,
JPMorgan Chase and Co,03/31/2015,0.37627648953138754,0.38350350310262443,-0.0072270135712368955,0,False,
JPMorgan Chase and Co,06/30/2015,0.3511477009407017,0.36522920158795263,-0.014081500647250944,0,False,
JPMorgan Chase and Co,09/30/2015,0.32817138912363686,0.33892902904850625,-0.010757639924869389,0,False,
JPMorgan Chase and Co,12/31/2015,0.34905707514379386,0.3502709827758088,-0.0012139076320149544,0,False,
JPMorgan Chase and Co,03/31/2016,0.37881061399893956,0.3780275069123598,0.0007831070865797485,0,False,
JPMorgan Chase and Co,06/30/2016,0.35369204998787895,0.3649903538050292,-0.011298303817150246,0,False,
JPMorgan Chase and Co,09/30/2016,0.34038927895621657,0.34628802830054145,-0.005898749344324883,0,False,
JPMorgan Chase and Co,12/31/2016,0.33949655726590305,0.3532920786217404,-0.013795521355837337,0,False,
JPMorgan Chase and Co,03/31/2017,0.3631525543774483,0.3769232764833879,-0.013770722105939603,0,False,
JPMorgan Chase and Co,06/30/2017,0.3665661649721628,0.3709919993479808,-0.004425834375818005,0,False,
JPMorgan Chase and Co,09/30/2017,0.340739082748597,0.34500747107523644,-0.0042683883266394496,0,False,
JPMorgan Chase and Co,12/31/2017,0.34151845263080943,0.35449864586892826,-0.012980193238118831,0,False,
JPMorgan Chase and Co,03/31/2018,0.37614133301330976,0.38453181488112853,-0.008390481867818766,0,False,
JPMorgan Chase and Co,06/30/2018,0.37062711665840736,0.3619191468628366,0.008707969795570758,0,False,
JPMorgan Chase and Co,09/30/2018,0.3333211874190468,0.34096512506907356,-0.007643937650026744,0,False,
JPMorgan Chase and Co,12/31/2018,0.35425382476951167,0.3529799794826663,0.0012738452868453765,0,False,
JPMorgan Chase and Co,03/31/2019,0.37519862510795715,0.3738421445616649,0.001356480546292227,0,False,
JPMorgan Chase and Co,06/30/2019,0.35345780015635847,0.35561596345036534,-0.002158163294006865,0,False,
JPMorgan Chase and Co,09/30/2019,0.3386973107763711,0.3446247968587608,-0.005927486082389688,0,False,
JPMorgan Chase and Co,12/31/2019,0.34161966489775675,0.3476759859155561,-0.006056321017799349,0,False,
JPMorgan Chase and Co,03/31/2020,0.4621140352053081,0.4506172332442329,0.011496801961075165,1,False,
JPMorgan Chase and Co,06/30/2020,0.39486727671152666,0.3943036662411797,0.0005636104703469758,0,False,
JPMorgan Chase and Co,09/30/2020,0.36827910624626037,0.3557326846584398,0.012546421587820544,0,False,
JPMorgan Chase and Co,12/31/2020,0.3597962332390367,0.3760578158530851,-0.01626158261404842,0,False,
JPMorgan Chase and Co,03/31/2021,0.3963317786493112,0.4077153845762509,-0.01138360592693971,0,False,
JPMorgan Chase and Co,06/30/2021,0.3718919255753195,0.37284905480698655,-0.0009571292316670199,0,False,
JPMorgan Chase and Co,09/30/2021,0.34087795562169687,0.3584998475730054,-0.017621891951308533,0,False,
JPMorgan Chase and Co,12/31/2021,0.34092799978081756,0.35577582674048247,-0.014847826959664912,0,False,
JPMorgan Chase and Co,03/31/2022,0.39379994277986863,0.40069382181289287,-0.006893879033024242,0,False,
JPMorgan Chase and Co,06/30/2022,0.39899224199551886,0.39457419102934255,0.004418050966176312,0,False,
JPMorgan Chase and Co,09/30/2022,0.365997072470163,0.36317384788132134,0.002823224588841655,0,False,
JPMorgan Chase and Co,12/31/2022,0.3657648388488775,0.372266098458575,-0.006501259609697496,0,False,
JPMorgan Chase and Co,03/31/2023,0.3872243816291731,0.38877880914551505,-0.0015544275163419385,0,False,
JPMorgan Chase and Co,06/30/2023,0.3856924624856569,0.36836015360098423,0.017332308884672687,0,False,
JPMorgan Chase and Co,09/30/2023,0.33813527576906244,0.3468820913885059,-0.00874681561944346,0,False,
JPMorgan Chase and Co,12/31/2023,0.3489924960656601,0.36545168717058907,-0.016459191104928994,0,False,
JPMorgan Chase and Co,03/31/2024,0.3795055075878921,0.3736737196836545,0.005831787904237606,0,False,
JPMorgan Chase and Co,06/30/2024,0.3599575845406571,0.3663083319162546,-0.0063507473755974875,0,False,
JPMorgan Chase and Co,09/30/2024,0.3449773592857707,0.35241078737004733,-0.007433428084276605,0,False,
JPMorgan Chase and Co,12/31/2024,0.35733815952460724,0.35082887925877987,0.006509280265827366,0,False,
JPMorgan Chase and Co,03/31/2025,0.3843362103822343,0.38580612037305045,-0.0014699099908161428,0,False,
JPMorgan Chase and Co,06/30/2025,0.3607605091956659,0.36232468122690703,-0.0015641720312411511,0,False,
JPMorgan Chase and Co,09/30/2025,0.360926286505027,0.35821351361888865,0.0027127728861383593,0,False,
JPMorgan Chase and Co,12/31/2025,0.35436266855161414,0.36466492639184106,-0.010302257840226925,0,False,
Citigroup Inc,06/30/2001,0.3965505925279487,0.38944986430386436,0.007100728224084363,0,False,
Citigroup Inc,09/30/2001,0.4446113558909741,0.3932955617153867,0.051315794175587404,1,True,9/11 Terrorist Attacks - market-wide shock
Citigroup Inc,12/31/2001,0.3755511641861854,0.384027399134491,-0.008476234948305628,0,False,
Citigroup Inc,03/31/2002,0.4301423072589425,0.4078137573552626,0.022328549903679884,0,False,
Citigroup Inc,06/30/2002,0.39710211515763855,0.3865912796474162,0.01051083551022236,0,False,
Citigroup Inc,09/30/2002,0.40263030886176504,0.3742672325877737,0.028363076273991317,0,False,
Citigroup Inc,12/31/2002,0.4110153391933558,0.37747817615254897,0.03353716304080684,0,False,
Citigroup Inc,03/31/2003,0.39070178097002095,0.3976093630539195,-0.0069075820838985225,0,False,
Citigroup Inc,06/30/2003,0.3638853010977607,0.3871303009584577,-0.023244999860697002,0,False,
Citigroup Inc,09/30/2003,0.35239002042448675,0.3634434199106845,-0.011053399486197768,0,False,
Citigroup Inc,12/31/2003,0.37823912008116534,0.3743180911928664,0.0039210288882989275,0,False,
Citigroup Inc,03/31/2004,0.4033240080307334,0.40621442437841426,-0.0028904163476808353,0,False,
Citigroup Inc,06/30/2004,0.38997040339438604,0.4454651564791892,-0.05549475308480317,0,False,
Citigroup Inc,09/30/2004,0.3684357487129446,0.4364039263776288,-0.06796817766468422,0,False,
Citigroup Inc,12/31/2004,0.3736742718068029,0.3582478573923374,0.015426414414465517,0,False,
Citigroup Inc,03/31/2005,0.395501761242179,0.40535192774829615,-0.009850166506117142,0,False,
Citigroup Inc,06/30/2005,0.37803398653013903,0.37730929670112123,0.0007246898290177994,0,False,
Citigroup Inc,09/30/2005,0.4139332690811831,0.3730856079228777,0.040847661158305404,0,False,
Citigroup Inc,12/31/2005,0.37097787967625984,0.3637328965759535,0.007244983100306357,0,False,
Citigroup Inc,03/31/2006,0.415592257682073,0.41527002157620047,0.0003222361058725087,0,False,
Citigroup Inc,06/30/2006,0.41246632004999906,0.39068573308085386,0.0217805869691452,0,False,
Citigroup Inc,09/30/2006,0.37124896768735005,0.3688045569969145,0.00244441069043555,0,False,
Citigroup Inc,12/31/2006,0.4005924264247885,0.3654030375315654,0.035189388893223095,0,False,
Citigroup Inc,03/31/2007,0.42559162005761153,0.3938990031836439,0.03169261687396763,0,False,
Citigroup Inc,06/30/2007,0.42388596153113284,0.4035438750099685,0.020342086521164315,0,False,
Citigroup Inc,09/30/2007,0.37293820637139863,0.3569985212563749,0.01593968511502375,0,False,
Citigroup Inc,12/31/2007,0.37666965282441595,0.3818630994057311,-0.005193446581315153,0,False,
Citigroup Inc,03/31/2008,0.40750765554999097,0.4120509140720944,-0.0045432585221034105,0,False,
Citigroup Inc,06/30/2008,0.4147222887884716,0.4036000738839454,0.011122214904526195,0,False,
Citigroup Inc,09/30/2008,0.3767003331367237,0.42773683175623123,-0.05103649861950754,0,False,
Citigroup Inc,12/31/2008,0.5055382994448205,0.5201198163880119,-0.01458151694319132,1,False,
Citigroup Inc,03/31/2009,0.4421373305440291,0.4868374913990873,-0.04470016085505818,0,False,
Citigroup Inc,06/30/2009,0.44439527230855286,0.43197714909138085,0.012418123217172006,1,False,
Citigroup Inc,09/30/2009,0.3732808725917974,0.3740934251601538,-0.0008125525683564394,0,False,
Citigroup Inc,12/31/2009,0.4085884237173088,0.386219277973916,0.022369145743392826,0,False,
Citigroup Inc,03/31/2010,0.4771299542811706,0.4327079065269481,0.04442204775422248,1,False,
Citigroup Inc,06/30/2010,0.42490615032544077,0.386880073748705,0.03802607657673579,0,False,
Citigroup Inc,09/30/2010,0.37764555803692573,0.3721166265990154,0.005528931437910334,0,False,
Citigroup Inc,12/31/2010,0.3740948779838832,0.3690993764840896,0.004995501499793609,0,False,
Citigroup Inc,03/31/2011,0.4349203514337493,0.4041354892513578,0.030784862182391515,0,False,
Citigroup Inc,06/30/2011,0.38010106717847264,0.37487886678238397,0.005222200396088672,0,False,
Citigroup Inc,09/30/2011,0.3712530623138438,0.3837798983917325,-0.012526836077888681,0,False,
Citigroup Inc,12/31/2011,0.3789521034309203,0.36866245726616703,0.010289646164753252,0,False,
Citigroup Inc,03/31/2012,0.3985347163375571,0.3957352527016417,0.002799463635915378,0,False,
Citigroup Inc,06/30/2012,0.3939701332370238,0.39076962461531917,0.003200508621704623,0,False,
Citigroup Inc,09/30/2012,0.3504634349184572,0.3559479937787195,-0.005484558860262279,0,False,
Citigroup Inc,12/31/2012,0.34960247311079823,0.35886591181152766,-0.009263438700729432,0,False,
Citigroup Inc,03/31/2013,0.40743433640589,0.3844613623744541,0.02297297403143589,0,False,
Citigroup Inc,06/30/2013,0.3690696242066697,0.379374554686189,-0.010304930479519303,0,False,
Citigroup Inc,09/30/2013,0.3587873551055394,0.3600012809369255,-0.0012139258313861312,0,False,
Citigroup Inc,12/31/2013,0.35265348400469393,0.3558351868268044,-0.0031817028221104438,0,False,
Citigroup Inc,03/31/2014,0.3737201474254997,0.38263378077924753,-0.00891363335374784,0,False,
Citigroup Inc,06/30/2014,0.3913209355320148,0.36669888611792195,0.02462204941409285,0,False,
Citigroup Inc,09/30/2014,0.3627842437497173,0.35198976355853556,0.010794480191181732,0,False,
Citigroup Inc,12/31/2014,0.3467032918384651,0.3550111079423022,-0.008307816103837073,0,False,
Citigroup Inc,03/31/2015,0.3985524354465717,0.38350350310262443,0.015048932343947274,0,False,
Citigroup Inc,06/30/2015,0.3724936501432214,0.36522920158795263,0.007264448555268754,0,False,
Citigroup Inc,09/30/2015,0.34246636535425085,0.33892902904850625,0.0035373363057445983,0,False,
Citigroup Inc,12/31/2015,0.3446888695754007,0.3502709827758088,-0.005582113200408134,0,False,
Citigroup Inc,03/31/2016,0.38066827051393776,0.3780275069123598,0.0026407636015779445,0,False,
Citigroup Inc,06/30/2016,0.3651221333426783,0.3649903538050292,0.00013177953764909045,0,False,
Citigroup Inc,09/30/2016,0.35070668995941234,0.34628802830054145,0.004418661658870893,0,False,
Citigroup Inc,12/31/2016,0.3511704206756589,0.3532920786217404,-0.00212165794608149,0,False,
Citigroup Inc,03/31/2017,0.3913324595818539,0.3769232764833879,0.014409183098466005,0,False,
Citigroup Inc,06/30/2017,0.36402527638099935,0.3709919993479808,-0.006966722966981476,0,False,
Citigroup Inc,09/30/2017,0.339345211568372,0.34500747107523644,-0.005662259506864442,0,False,
Citigroup Inc,12/31/2017,0.3675347818028736,0.35449864586892826,0.013036135933945314,0,False,
Citigroup Inc,03/31/2018,0.412265130046905,0.38453181488112853,0.027733315165776484,0,False,
Citigroup Inc,06/30/2018,0.3527410998985449,0.3619191468628366,-0.009178046964291697,0,False,
Citigroup Inc,09/30/2018,0.3454751692330676,0.34096512506907356,0.004510044163994031,0,False,
Citigroup Inc,12/31/2018,0.35353569910321914,0.3529799794826663,0.0005557196205528414,0,False,
Citigroup Inc,03/31/2019,0.37991830688839034,0.3738421445616649,0.0060761623267254206,0,False,
Citigroup Inc,06/30/2019,0.3589717825534879,0.35561596345036534,0.003355819103122548,0,False,
Citigroup Inc,09/30/2019,0.34510430157634947,0.3446247968587608,0.00047950471758867463,0,False,
Citigroup Inc,12/31/2019,0.3670693798726788,0.3476759859155561,0.019393393957122695,0,False,
Citigroup Inc,03/31/2020,0.45603867439760093,0.4506172332442329,0.005421441153368012,1,False,
Citigroup Inc,06/30/2020,0.38433928075438184,0.3943036662411797,-0.009964385486797844,0,False,
Citigroup Inc,09/30/2020,0.34662434887354143,0.3557326846584398,-0.009108335784898391,0,False,
Citigroup Inc,12/31/2020,0.3621234151855721,0.3760578158530851,-0.013934400667513003,0,False,
Citigroup Inc,03/31/2021,0.42344262316761505,0.4077153845762509,0.015727238591364157,0,False,
Citigroup Inc,06/30/2021,0.3726850573619494,0.37284905480698655,-0.00016399744503714508,0,False,
Citigroup Inc,09/30/2021,0.3688345391090289,0.3584998475730054,0.01033469153602351,0,False,
Citigroup Inc,12/31/2021,0.35800126034778945,0.35577582674048247,0.0022254336073069814,0,False,
Citigroup Inc,03/31/2022,0.3925813674293902,0.40069382181289287,-0.008112454383502665,0,False,
Citigroup Inc,06/30/2022,0.40737334690061094,0.39457419102934255,0.012799155871268397,0,False,
Citigroup Inc,09/30/2022,0.3523175716828758,0.36317384788132134,-0.010856276198445536,0,False,
Citigroup Inc,12/31/2022,0.3574746769889664,0.372266098458575,-0.014791421469608601,0,False,
Citigroup Inc,03/31/2023,0.38616562732080534,0.38877880914551505,-0.0026131818247097094,0,False,
Citigroup Inc,06/30/2023,0.3783920148568034,0.36836015360098423,0.010031861255819174,0,False,
Citigroup Inc,09/30/2023,0.3604973714152539,0.3468820913885059,0.013615280026748,0,False,
Citigroup Inc,12/31/2023,0.3536263611174027,0.36545168717058907,-0.011825326053186369,0,False,
Citigroup Inc,03/31/2024,0.38917291352585653,0.3736737196836545,0.015499193842202053,0,False,
Citigroup Inc,06/30/2024,0.36071722615074103,0.3663083319162546,-0.005591105765513582,0,False,
Citigroup Inc,09/30/2024,0.3663626829276039,0.35241078737004733,0.013951895557556548,0,False,
Citigroup Inc,12/31/2024,0.34834698787404905,0.35082887925877987,-0.0024818913847308166,0,False,
Citigroup Inc,03/31/2025,0.3870017653184149,0.38580612037305045,0.001195644945364449,0,False,
Citigroup Inc,06/30/2025,0.3789889720419595,0.36232468122690703,0.016664290815052496,0,False,
Citigroup Inc,09/30/2025,0.34873421282018996,0.35821351361888865,-0.009479300798698687,0,False,
Citigroup Inc,12/31/2025,0.3555055590313679,0.36466492639184106,-0.00915936736047318,0,False,
Bank of America Corporation,06/30/2001,0.36558825940658257,0.38944986430386436,-0.023861604897281785,0,False,
Bank of America Corporation,09/30/2001,0.37529247767122814,0.3932955617153867,-0.018003084044158568,0,True,9/11 Terrorist Attacks - market-wide shock
Bank of America Corporation,12/31/2001,0.37867512939768894,0.384027399134491,-0.005352269736802084,0,False,
Bank of America Corporation,03/31/2002,0.387442473995298,0.4078137573552626,-0.020371283359964576,0,False,
Bank of America Corporation,06/30/2002,0.373692743106231,0.3865912796474162,-0.012898536541185168,0,False,
Bank of America Corporation,09/30/2002,0.3523777866378053,0.3742672325877737,-0.021889445949968445,0,False,
Bank of America Corporation,12/31/2002,0.35153623396031214,0.37747817615254897,-0.025941942192236833,0,False,
Bank of America Corporation,03/31/2003,0.39065165556743353,0.3976093630539195,-0.006957707486485942,0,False,
Bank of America Corporation,06/30/2003,0.41713482003267843,0.3871303009584577,0.030004519074220748,0,False,
Bank of America Corporation,09/30/2003,0.3495327569253234,0.3634434199106845,-0.013910662985361144,0,False,
Bank of America Corporation,12/31/2003,0.376033572743385,0.3743180911928664,0.0017154815505185939,0,False,
Bank of America Corporation,03/31/2004,0.40103919174615216,0.40621442437841426,-0.005175232632262106,0,False,
Bank of America Corporation,06/30/2004,0.6021850047480048,0.4454651564791892,0.15671984826881563,1,False,
Bank of America Corporation,09/30/2004,0.3777349005846059,0.4364039263776288,-0.05866902579302291,0,False,
Bank of America Corporation,12/31/2004,0.3553809489728519,0.3582478573923374,-0.0028669084194855032,0,False,
Bank of America Corporation,03/31/2005,0.39818286123075003,0.40535192774829615,-0.007169066517546119,0,False,
Bank of America Corporation,06/30/2005,0.38669913692260105,0.37730929670112123,0.009389840221479817,0,False,
Bank of America Corporation,09/30/2005,0.3398220589802362,0.3730856079228777,-0.0332635489426415,0,False,
Bank of America Corporation,12/31/2005,0.34837661976604245,0.3637328965759535,-0.01535627680991103,0,False,
Bank of America Corporation,03/31/2006,0.4340400084161189,0.41527002157620047,0.01876998683991843,1,False,
Bank of America Corporation,06/30/2006,0.37622047519172164,0.39068573308085386,-0.014465257889132221,0,False,
Bank of America Corporation,09/30/2006,0.36537758147321375,0.3688045569969145,-0.003426975523700748,0,False,
Bank of America Corporation,12/31/2006,0.3471859932807746,0.3654030375315654,-0.018217044250790793,0,False,
Bank of America Corporation,03/31/2007,0.3897308844688148,0.3938990031836439,-0.004168118714829083,0,False,
Bank of America Corporation,06/30/2007,0.3900730507635566,0.4035438750099685,-0.013470824246411939,0,False,
Bank of America Corporation,09/30/2007,0.3424139143781843,0.3569985212563749,-0.014584606878190576,0,False,
Bank of America Corporation,12/31/2007,0.43688290179214295,0.3818630994057311,0.055019802386411854,1,False,
Bank of America Corporation,03/31/2008,0.4108507606299767,0.4120509140720944,-0.0012001534421176574,0,False,
Bank of America Corporation,06/30/2008,0.377057898621938,0.4036000738839454,-0.026542175262007417,0,False,
Bank of America Corporation,09/30/2008,0.43239738627629554,0.42773683175623123,0.004660554520064308,0,False,
Bank of America Corporation,12/31/2008,0.3913289394979489,0.5201198163880119,-0.12879087689006297,0,False,
Bank of America Corporation,03/31/2009,0.6007999791128233,0.4868374913990873,0.11396248771373607,1,False,
Bank of America Corporation,06/30/2009,0.4196060168587053,0.43197714909138085,-0.012371132232675552,0,False,
Bank of America Corporation,09/30/2009,0.3543670060576674,0.3740934251601538,-0.019726419102486403,0,False,
Bank of America Corporation,12/31/2009,0.35503248737833787,0.386219277973916,-0.031186790595578107,0,False,
Bank of America Corporation,03/31/2010,0.4448792688366587,0.4327079065269481,0.012171362309710554,1,False,
Bank of America Corporation,06/30/2010,0.3601712112685068,0.386880073748705,-0.02670886248019816,0,False,
Bank of America Corporation,09/30/2010,0.3611875700141638,0.3721166265990154,-0.010929056584851604,0,False,
Bank of America Corporation,12/31/2010,0.34582710071687545,0.3690993764840896,-0.023272275767214134,0,False,
Bank of America Corporation,03/31/2011,0.3921467993823727,0.4041354892513578,-0.011988689868985103,0,False,
Bank of America Corporation,06/30/2011,0.36435704024675386,0.37487886678238397,-0.010521826535630108,0,False,
Bank of America Corporation,09/30/2011,0.3748088491804307,0.3837798983917325,-0.008971049211301763,0,False,
Bank of America Corporation,12/31/2011,0.3490516347488067,0.36866245726616703,-0.01961082251736035,0,False,
Bank of America Corporation,03/31/2012,0.37575702077851847,0.3957352527016417,-0.019978231923123257,0,False,
Bank of America Corporation,06/30/2012,0.38122557401745066,0.39076962461531917,-0.009544050597868503,0,False,
Bank of America Corporation,09/30/2012,0.34522319044992406,0.3559479937787195,-0.01072480332879544,0,False,
Bank of America Corporation,12/31/2012,0.3498566169600792,0.35886591181152766,-0.009009294851448468,0,False,
Bank of America Corporation,03/31/2013,0.37548248608295903,0.3844613623744541,-0.008978876291495075,0,False,
Bank of America Corporation,06/30/2013,0.36912402212962414,0.379374554686189,-0.010250532556564884,0,False,
Bank of America Corporation,09/30/2013,0.33609858890744887,0.3600012809369255,-0.023902692029476647,0,False,
Bank of America Corporation,12/31/2013,0.3239750530661746,0.3558351868268044,-0.031860133760629794,0,False,
Bank of America Corporation,03/31/2014,0.3618377073116165,0.38263378077924753,-0.020796073467631015,0,False,
Bank of America Corporation,06/30/2014,0.3493285733666474,0.36669888611792195,-0.01737031275127454,0,False,
Bank of America Corporation,09/30/2014,0.34157664387409287,0.35198976355853556,-0.010413119684442695,0,False,
Bank of America Corporation,12/31/2014,0.33655959738014496,0.3550111079423022,-0.018451510562157214,0,False,
Bank of America Corporation,03/31/2015,0.36321294157798595,0.38350350310262443,-0.020290561524638484,0,False,
Bank of America Corporation,06/30/2015,0.34496373552699544,0.36522920158795263,-0.020265466060957193,0,False,
Bank of America Corporation,09/30/2015,0.3252052691749246,0.33892902904850625,-0.013723759873581654,0,False,
Bank of America Corporation,12/31/2015,0.340257837563275,0.3502709827758088,-0.010013145212533825,0,False,
Bank of America Corporation,03/31/2016,0.351856791994954,0.3780275069123598,-0.026170714917405802,0,False,
Bank of America Corporation,06/30/2016,0.33333644443240673,0.3649903538050292,-0.03165390937262247,0,False,
Bank of America Corporation,09/30/2016,0.35660191315610457,0.34628802830054145,0.010313884855563116,0,False,
Bank of America Corporation,12/31/2016,0.35027911287521835,0.3532920786217404,-0.003012965746522045,0,False,
Bank of America Corporation,03/31/2017,0.364086850257637,0.3769232764833879,-0.01283642622575093,0,False,
Bank of America Corporation,06/30/2017,0.33432774281153466,0.3709919993479808,-0.03666425653644617,0,False,
Bank of America Corporation,09/30/2017,0.32761917567026744,0.34500747107523644,-0.017388295404969,0,False,
Bank of America Corporation,12/31/2017,0.3319357208982857,0.35449864586892826,-0.02256292497064255,0,False,
Bank of America Corporation,03/31/2018,0.3623416809196166,0.38453181488112853,-0.022190133961511926,0,False,
Bank of America Corporation,06/30/2018,0.3512412586365577,0.3619191468628366,-0.010677888226278909,0,False,
Bank of America Corporation,09/30/2018,0.32728976325198117,0.34096512506907356,-0.01367536181709239,0,False,
Bank of America Corporation,12/31/2018,0.33216028006514603,0.3529799794826663,-0.020819699417520265,0,False,
Bank of America Corporation,03/31/2019,0.36157930779015723,0.3738421445616649,-0.01226283677150769,0,False,
Bank of America Corporation,06/30/2019,0.3542125752509602,0.35561596345036534,-0.001403388199405109,0,False,
Bank of America Corporation,09/30/2019,0.3355100319797908,0.3446247968587608,-0.009114764878970005,0,False,
Bank of America Corporation,12/31/2019,0.33403662047668475,0.3476759859155561,-0.013639365438871343,0,False,
Bank of America Corporation,03/31/2020,0.39995647386292377,0.4506172332442329,-0.05066075938130915,0,False,
Bank of America Corporation,06/30/2020,0.367330780479829,0.3943036662411797,-0.026972885761350707,0,False,
Bank of America Corporation,09/30/2020,0.33676603590486537,0.3557326846584398,-0.018966648753574455,0,False,
Bank of America Corporation,12/31/2020,0.34444904057580145,0.3760578158530851,-0.031608775277283674,0,False,
Bank of America Corporation,03/31/2021,0.3794712443312605,0.4077153845762509,-0.02824414024499039,0,False,
Bank of America Corporation,06/30/2021,0.3558370371363774,0.37284905480698655,-0.01701201767060917,0,False,
Bank of America Corporation,09/30/2021,0.3535909972641689,0.3584998475730054,-0.0049088503088364766,0,False,
Bank of America Corporation,12/31/2021,0.34198045025449386,0.35577582674048247,-0.013795376485988609,0,False,
Bank of America Corporation,03/31/2022,0.3788077942954162,0.40069382181289287,-0.021886027517476647,0,False,
Bank of America Corporation,06/30/2022,0.3838730811854307,0.39457419102934255,-0.010701109843911871,0,False,
Bank of America Corporation,09/30/2022,0.33603511038962053,0.36317384788132134,-0.027138737491700815,0,False,
Bank of America Corporation,12/31/2022,0.3400357140666182,0.372266098458575,-0.0322303843919568,0,False,
Bank of America Corporation,03/31/2023,0.3721746835305282,0.38877880914551505,-0.016604125614986864,0,False,
Bank of America Corporation,06/30/2023,0.3459256712977393,0.36836015360098423,-0.022434482303244907,0,False,
Bank of America Corporation,09/30/2023,0.339875488730806,0.3468820913885059,-0.007006602657699923,0,False,
Bank of America Corporation,12/31/2023,0.33655813561021536,0.36545168717058907,-0.02889355156037371,0,False,
Bank of America Corporation,03/31/2024,0.3541744936897073,0.3736737196836545,-0.019499225993947156,0,False,
Bank of America Corporation,06/30/2024,0.3374995689788192,0.3663083319162546,-0.028808762937435395,0,False,
Bank of America Corporation,09/30/2024,0.3454513707626126,0.35241078737004733,-0.00695941660743471,0,False,
Bank of America Corporation,12/31/2024,0.32524255022931536,0.35082887925877987,-0.025586329029464505,0,False,
Bank of America Corporation,03/31/2025,0.35358422986298904,0.38580612037305045,-0.03222189051006141,0,False,
Bank of America Corporation,06/30/2025,0.3404012601554931,0.36232468122690703,-0.02192342107141393,0,False,
Bank of America Corporation,09/30/2025,0.3219551818530227,0.35821351361888865,-0.03625833176586596,0,False,
Wells Fargo and Company,06/30/2001,0.40629158875579663,0.38944986430386436,0.016841724451932272,0,False,
Wells Fargo and Company,09/30/2001,0.37339383053033387,0.3932955617153867,-0.01990173118505284,0,True,9/11 Terrorist Attacks - market-wide shock
Wells Fargo and Company,12/31/2001,0.4022483248004371,0.384027399134491,0.018220925665946075,0,False,
Wells Fargo and Company,03/31/2002,0.39822738787266476,0.4078137573552626,-0.009586369482597834,0,False,
Wells Fargo and Company,06/30/2002,0.3666201031107485,0.3865912796474162,-0.01997117653666769,0,False,
Wells Fargo and Company,09/30/2002,0.3724843680293348,0.3742672325877737,-0.0017828645584389013,0,False,
Wells Fargo and Company,12/31/2002,0.3740389368948932,0.37747817615254897,-0.0034392392576557684,0,False,
Wells Fargo and Company,03/31/2003,0.39491768606801997,0.3976093630539195,-0.002691676985899505,0,False,
Wells Fargo and Company,06/30/2003,0.3842355608769467,0.3871303009584577,-0.0028947400815109714,0,False,
Wells Fargo and Company,09/30/2003,0.3676535033743384,0.3634434199106845,0.004210083463653869,0,False,
Wells Fargo and Company,12/31/2003,0.37798035230311045,0.3743180911928664,0.003662261110244036,0,False,
Wells Fargo and Company,03/31/2004,0.3999129156083091,0.40621442437841426,-0.0063015087701051575,0,False,
Wells Fargo and Company,06/30/2004,0.38192551607612035,0.4454651564791892,-0.06353964040306886,0,False,
Wells Fargo and Company,09/30/2004,0.34940977068680085,0.4364039263776288,-0.08699415569082797,0,False,
Wells Fargo and Company,12/31/2004,0.336159501755687,0.3582478573923374,-0.022088355636650403,0,False,
Wells Fargo and Company,03/31/2005,0.38670784691043525,0.40535192774829615,-0.0186440808378609,0,False,
Wells Fargo and Company,06/30/2005,0.36668975649572544,0.37730929670112123,-0.010619540205395794,0,False,
Wells Fargo and Company,09/30/2005,0.3791837014994392,0.3730856079228777,0.006098093576561492,0,False,
Wells Fargo and Company,12/31/2005,0.3649604225797704,0.3637328965759535,0.0012275260038169256,0,False,
Wells Fargo and Company,03/31/2006,0.39392050885835006,0.41527002157620047,-0.021349512717850405,0,False,
Wells Fargo and Company,06/30/2006,0.3937157845729422,0.39068573308085386,0.003030051492088348,0,False,
Wells Fargo and Company,09/30/2006,0.3518490871099312,0.3688045569969145,-0.01695546988698332,0,False,
Wells Fargo and Company,12/31/2006,0.35735123199343216,0.3654030375315654,-0.008051805538133228,0,False,
Wells Fargo and Company,03/31/2007,0.3901780661493164,0.3938990031836439,-0.0037209370343275205,0,False,
Wells Fargo and Company,06/30/2007,0.4172101264730001,0.4035438750099685,0.013666251463031576,1,False,
Wells Fargo and Company,09/30/2007,0.35883850097361236,0.3569985212563749,0.0018399797172374832,0,False,
Wells Fargo and Company,12/31/2007,0.35910470312582277,0.3818630994057311,-0.022758396279908333,0,False,
Wells Fargo and Company,03/31/2008,0.39214857548238174,0.4120509140720944,-0.01990233858971263,0,False,
Wells Fargo and Company,06/30/2008,0.38226586929381345,0.4036000738839454,-0.021334204590131967,0,False,
Wells Fargo and Company,09/30/2008,0.3629772741164781,0.42773683175623123,-0.06475955763975311,0,False,
Wells Fargo and Company,12/31/2008,0.7346105473703273,0.5201198163880119,0.21449073098231541,1,False,
Wells Fargo and Company,03/31/2009,0.465900513103206,0.4868374913990873,-0.02093697829588126,1,False,
Wells Fargo and Company,06/30/2009,0.3937296823231274,0.43197714909138085,-0.03824746676825347,0,False,
Wells Fargo and Company,09/30/2009,0.3622943474122566,0.3740934251601538,-0.011799077747897235,0,False,
Wells Fargo and Company,12/31/2009,0.3881014157076068,0.386219277973916,0.0018821377336908363,0,False,
Wells Fargo and Company,03/31/2010,0.3980906612641379,0.4327079065269481,-0.03461724526281024,0,False,
Wells Fargo and Company,06/30/2010,0.3888664044272564,0.386880073748705,0.001986330678551418,0,False,
Wells Fargo and Company,09/30/2010,0.37884254363926606,0.3721166265990154,0.006725917040250662,0,False,
Wells Fargo and Company,12/31/2010,0.3534363722876895,0.3690993764840896,-0.0156630041964001,0,False,
Wells Fargo and Company,03/31/2011,0.38127747295915587,0.4041354892513578,-0.02285801629220191,0,False,
Wells Fargo and Company,06/30/2011,0.3577397821991055,0.37487886678238397,-0.017139084583278452,0,False,
Wells Fargo and Company,09/30/2011,0.36040952466927895,0.3837798983917325,-0.02337037372245354,0,False,
Wells Fargo and Company,12/31/2011,0.35962331294149663,0.36866245726616703,-0.0090391443246704,0,False,
Wells Fargo and Company,03/31/2012,0.3941344887169382,0.3957352527016417,-0.001600763984703546,0,False,
Wells Fargo and Company,06/30/2012,0.3612455789449511,0.39076962461531917,-0.029524045670368093,0,False,
Wells Fargo and Company,09/30/2012,0.3340022740984679,0.3559479937787195,-0.021945719680251607,0,False,
Wells Fargo and Company,12/31/2012,0.3428285935451085,0.35886591181152766,-0.016037318266419187,0,False,
Wells Fargo and Company,03/31/2013,0.3878235316922366,0.3844613623744541,0.003362169317782493,0,False,
Wells Fargo and Company,06/30/2013,0.37284831655296463,0.379374554686189,-0.0065262381332243935,0,False,
Wells Fargo and Company,09/30/2013,0.3407044009512775,0.3600012809369255,-0.019296879985647997,0,False,
Wells Fargo and Company,12/31/2013,0.35787370526145773,0.3558351868268044,0.002038518434653358,0,False,
Wells Fargo and Company,03/31/2014,0.38858753399839896,0.38263378077924753,0.005953753219151425,0,False,
Wells Fargo and Company,06/30/2014,0.3808895499417379,0.36669888611792195,0.014190663823815952,0,False,
Wells Fargo and Company,09/30/2014,0.3566503386291535,0.35198976355853556,0.004660575070617956,0,False,
Wells Fargo and Company,12/31/2014,0.3533169771148619,0.3550111079423022,-0.0016941308274402989,0,False,
Wells Fargo and Company,03/31/2015,0.3659439752179162,0.38350350310262443,-0.017559527884708215,0,False,
Wells Fargo and Company,06/30/2015,0.3566751174113632,0.36522920158795263,-0.008554084176589427,0,False,
Wells Fargo and Company,09/30/2015,0.33981319693423645,0.33892902904850625,0.0008841678857302027,0,False,
Wells Fargo and Company,12/31/2015,0.3435900492935355,0.3502709827758088,-0.006680933482273332,0,False,
Wells Fargo and Company,03/31/2016,0.39190364173278486,0.3780275069123598,0.013876134820425046,0,False,
Wells Fargo and Company,06/30/2016,0.3436925706722469,0.3649903538050292,-0.0212977831327823,0,False,
Wells Fargo and Company,09/30/2016,0.3385406513344985,0.34628802830054145,-0.00774737696604294,0,False,
Wells Fargo and Company,12/31/2016,0.3466115131477516,0.3532920786217404,-0.006680565473988764,0,False,
Wells Fargo and Company,03/31/2017,0.3695605360401132,0.3769232764833879,-0.007362740443274729,0,False,
Wells Fargo and Company,06/30/2017,0.37526622235554846,0.3709919993479808,0.004274223007567635,0,False,
Wells Fargo and Company,09/30/2017,0.33466632841295285,0.34500747107523644,-0.010341142662283587,0,False,
Wells Fargo and Company,12/31/2017,0.3594160152832623,0.35449864586892826,0.004917369414334016,0,False,
Wells Fargo and Company,03/31/2018,0.38306134943645714,0.38453181488112853,-0.0014704654446713872,0,False,
Wells Fargo and Company,06/30/2018,0.3597643101820069,0.3619191468628366,-0.0021548366808297192,0,False,
Wells Fargo and Company,09/30/2018,0.3447176937898057,0.34096512506907356,0.0037525687207321523,0,False,
Wells Fargo and Company,12/31/2018,0.3430602479016027,0.3529799794826663,-0.009919731581063573,0,False,
Wells Fargo and Company,03/31/2019,0.36824098024282964,0.3738421445616649,-0.005601164318835283,0,False,
Wells Fargo and Company,06/30/2019,0.3422056785981031,0.35561596345036534,-0.013410284852262255,0,False,
Wells Fargo and Company,09/30/2019,0.34240282515984594,0.3446247968587608,-0.0022219716989148597,0,False,
Wells Fargo and Company,12/31/2019,0.340969521841833,0.3476759859155561,-0.006706464073723106,0,False,
Wells Fargo and Company,03/31/2020,0.4452524296079927,0.4506172332442329,-0.005364803636240201,1,False,
Wells Fargo and Company,06/30/2020,0.41108064105531256,0.3943036662411797,0.016776974814132872,0,False,
Wells Fargo and Company,09/30/2020,0.34655762563996284,0.3557326846584398,-0.009175059018476983,0,False,
Wells Fargo and Company,12/31/2020,0.38326755717701566,0.3760578158530851,0.007209741323930541,0,False,
Wells Fargo and Company,03/31/2021,0.40349374578154545,0.4077153845762509,-0.00422163879470544,0,False,
Wells Fargo and Company,06/30/2021,0.36088519841755484,0.37284905480698655,-0.011963856389431704,0,False,
Wells Fargo and Company,09/30/2021,0.35145565218692104,0.3584998475730054,-0.007044195386084362,0,False,
Wells Fargo and Company,12/31/2021,0.3744661357852736,0.35577582674048247,0.01869030904479113,0,False,
Wells Fargo and Company,03/31/2022,0.411521267519466,0.40069382181289287,0.010827445706573124,1,False,
Wells Fargo and Company,06/30/2022,0.3922388341618707,0.39457419102934255,-0.0023353568674718272,0,False,
Wells Fargo and Company,09/30/2022,0.38497856606941294,0.36317384788132134,0.0218047181880916,0,False,
Wells Fargo and Company,12/31/2022,0.36681990390645003,0.372266098458575,-0.005446194552124972,0,False,
Wells Fargo and Company,03/31/2023,0.40108834371590146,0.38877880914551505,0.012309534570386416,0,False,
Wells Fargo and Company,06/30/2023,0.3704278890355163,0.36836015360098423,0.002067735434532092,0,False,
Wells Fargo and Company,09/30/2023,0.3491455670885511,0.3468820913885059,0.0022634757000452033,0,False,
Wells Fargo and Company,12/31/2023,0.34334560548052817,0.36545168717058907,-0.022106081690060897,0,False,
Wells Fargo and Company,03/31/2024,0.3797575912187464,0.3736737196836545,0.006083871535091934,0,False,
Wells Fargo and Company,06/30/2024,0.35783035188087464,0.3663083319162546,-0.008477980035379973,0,False,
Wells Fargo and Company,09/30/2024,0.33608369268053817,0.35241078737004733,-0.01632709468950916,0,False,
Wells Fargo and Company,12/31/2024,0.33923842109030644,0.35082887925877987,-0.011590458168473428,0,False,
Wells Fargo and Company,03/31/2025,0.3948599389318391,0.38580612037305045,0.009053818558788673,0,False,
Wells Fargo and Company,06/30/2025,0.35876938702313454,0.36232468122690703,-0.0035552942037724855,0,False,
Wells Fargo and Company,09/30/2025,0.346576153531109,0.35821351361888865,-0.011637360087779658,0,False,
Morgan Stanley,06/30/2009,0.4737277963992782,0.43197714909138085,0.04175064730789735,1,False,
Morgan Stanley,09/30/2009,0.42072030268013494,0.3740934251601538,0.046626877519981125,0,False,
Morgan Stanley,12/31/2009,0.41275070168925143,0.386219277973916,0.026531423715335456,0,False,
Morgan Stanley,03/31/2010,0.44510548747254863,0.4327079065269481,0.012397580945600506,1,False,
Morgan Stanley,06/30/2010,0.3746493540845049,0.386880073748705,-0.012230719664200085,0,False,
Morgan Stanley,09/30/2010,0.37952078941503536,0.3721166265990154,0.007404162816019966,0,False,
Morgan Stanley,12/31/2010,0.4102687435791932,0.3690993764840896,0.041169367095103604,0,False,
Morgan Stanley,03/31/2011,0.4387536485275454,0.4041354892513578,0.03461815927618761,0,False,
Morgan Stanley,06/30/2011,0.41483257891650216,0.37487886678238397,0.03995371213411819,0,False,
Morgan Stanley,09/30/2011,0.43400876348815226,0.3837798983917325,0.05022886509641977,0,False,
Morgan Stanley,12/31/2011,0.3711284167323302,0.36866245726616703,0.002465959466163181,0,False,
Morgan Stanley,03/31/2012,0.41838912707354137,0.3957352527016417,0.02265387437189964,0,False,
Morgan Stanley,06/30/2012,0.4593676741459585,0.39076962461531917,0.06859804953063936,1,False,
Morgan Stanley,09/30/2012,0.38534257110243086,0.3559479937787195,0.02939457732371137,0,False,
Morgan Stanley,12/31/2012,0.4005975871144404,0.35886591181152766,0.04173167530291272,0,False,
Morgan Stanley,03/31/2013,0.3938934672844317,0.3844613623744541,0.00943210490997759,0,False,
Morgan Stanley,06/30/2013,0.37749320070594283,0.379374554686189,-0.001881353980246192,0,False,
Morgan Stanley,09/30/2013,0.36686886442875644,0.3600012809369255,0.00686758349183092,0,False,
Morgan Stanley,12/31/2013,0.37897565670944366,0.3558351868268044,0.023140469882639292,0,False,
Morgan Stanley,03/31/2014,0.3994736257578804,0.38263378077924753,0.01683984497863289,0,False,
Morgan Stanley,06/30/2014,0.3740099054253142,0.36669888611792195,0.0073110193073922525,0,False,
Morgan Stanley,09/30/2014,0.35294618675768114,0.35198976355853556,0.0009564231991455729,0,False,
Morgan Stanley,12/31/2014,0.37095561259377097,0.3550111079423022,0.015944504651468794,0,False,
Morgan Stanley,03/31/2015,0.4127142198297683,0.38350350310262443,0.02921071672714387,0,False,
Morgan Stanley,06/30/2015,0.3782559745067164,0.36522920158795263,0.013026772918763752,0,False,
Morgan Stanley,09/30/2015,0.34604277799617733,0.33892902904850625,0.007113748947671084,0,False,
Morgan Stanley,12/31/2015,0.3576390252055333,0.3502709827758088,0.007368042429724497,0,False,
Morgan Stanley,03/31/2016,0.3758132752794791,0.3780275069123598,-0.0022142316328807032,0,False,
Morgan Stanley,06/30/2016,0.3791301271029291,0.3649903538050292,0.014139773297899894,0,False,
Morgan Stanley,09/30/2016,0.3407259278674162,0.34628802830054145,-0.005562100433125272,0,False,
Morgan Stanley,12/31/2016,0.3628494570529961,0.3532920786217404,0.009557378431255703,0,False,
Morgan Stanley,03/31/2017,0.38284688308839376,0.3769232764833879,0.005923606605005849,0,False,
Morgan Stanley,06/30/2017,0.3815607454999064,0.3709919993479808,0.010568746151925545,0,False,
Morgan Stanley,09/30/2017,0.35775176459472774,0.34500747107523644,0.012744293519491301,0,False,
Morgan Stanley,12/31/2017,0.3555444636855506,0.35449864586892826,0.0010458178166223298,0,False,
Morgan Stanley,03/31/2018,0.3721288883654897,0.38453181488112853,-0.012402926515638846,0,False,
Morgan Stanley,06/30/2018,0.3554064489148757,0.3619191468628366,-0.006512697947960888,0,False,
Morgan Stanley,09/30/2018,0.35112589487721296,0.34096512506907356,0.010160769808139403,0,False,
Morgan Stanley,12/31/2018,0.35189330227647797,0.3529799794826663,-0.0010866772061883245,0,False,
Morgan Stanley,03/31/2019,0.36639773304188755,0.3738421445616649,-0.007444411519777372,0,False,
Morgan Stanley,06/30/2019,0.3481359550543683,0.35561596345036534,-0.007480008395997051,0,False,
Morgan Stanley,09/30/2019,0.33083653706961313,0.3446247968587608,-0.013788259789147661,0,False,
Morgan Stanley,12/31/2019,0.3346867374484568,0.3476759859155561,-0.012989248467099312,0,False,
Morgan Stanley,03/31/2020,0.47205967601841725,0.4506172332442329,0.021442442774184334,1,False,
Morgan Stanley,06/30/2020,0.39679578415803,0.3943036662411797,0.002492117916850334,0,False,
Morgan Stanley,09/30/2020,0.3581639858245248,0.3557326846584398,0.002431301166084976,0,False,
Morgan Stanley,12/31/2020,0.4156480157639219,0.3760578158530851,0.03959019991083679,0,False,
Morgan Stanley,03/31/2021,0.4103354777510163,0.4077153845762509,0.0026200931747654144,0,False,
Morgan Stanley,06/30/2021,0.3842748484020466,0.37284905480698655,0.011425793595060074,0,False,
Morgan Stanley,09/30/2021,0.36168676902149527,0.3584998475730054,0.0031869214484898656,0,False,
Morgan Stanley,12/31/2021,0.35719191973131403,0.35577582674048247,0.0014160929908315634,0,False,
Morgan Stanley,03/31/2022,0.39853014061731473,0.40069382181289287,-0.0021636811955781377,0,False,
Morgan Stanley,06/30/2022,0.3884451942771615,0.39457419102934255,-0.006128996752181037,0,False,
Morgan Stanley,09/30/2022,0.3765409187945345,0.36317384788132134,0.013367070913213153,0,False,
Morgan Stanley,12/31/2022,0.35960425600116375,0.372266098458575,-0.012661842457411254,0,False,
Morgan Stanley,03/31/2023,0.3972410095311671,0.38877880914551505,0.008462200385652041,0,False,
Morgan Stanley,06/30/2023,0.361362730329205,0.36836015360098423,-0.006997423271779213,0,False,
Morgan Stanley,09/30/2023,0.34675675393885597,0.3468820913885059,-0.00012533744964993154,0,False,
Morgan Stanley,12/31/2023,0.3501771707837204,0.36545168717058907,-0.015274516386868664,0,False,
Morgan Stanley,03/31/2024,0.36575809239607027,0.3736737196836545,-0.007915627287584215,0,False,
Morgan Stanley,06/30/2024,0.35363436642847473,0.3663083319162546,-0.012673965487779881,0,False,
Morgan Stanley,09/30/2024,0.34080826866768066,0.35241078737004733,-0.011602518702366671,0,False,
Morgan Stanley,12/31/2024,0.38397827757562125,0.35082887925877987,0.03314939831684138,0,False,
Morgan Stanley,03/31/2025,0.4092484573697749,0.38580612037305045,0.023442336996724433,0,False,
Morgan Stanley,06/30/2025,0.37270327771828204,0.36232468122690703,0.010378596491375014,0,False,
Morgan Stanley,09/30/2025,0.357376849377731,0.35821351361888865,-0.0008366642411576364,0,False,
Goldman Sachs Group Inc,06/30/2009,0.4431067130808009,0.43197714909138085,0.011129563989420055,0,False,
Goldman Sachs Group Inc,09/30/2009,0.387965107369452,0.3740934251601538,0.013871682209298186,0,False,
Goldman Sachs Group Inc,12/31/2009,0.38526102863694994,0.386219277973916,-0.0009582493369660328,0,False,
Goldman Sachs Group Inc,03/31/2010,0.4102154629518813,0.4327079065269481,-0.0224924435750668,0,False,
Goldman Sachs Group Inc,06/30/2010,0.3944102277456663,0.386880073748705,0.007530153996961331,0,False,
Goldman Sachs Group Inc,09/30/2010,0.3737209335789225,0.3721166265990154,0.0016043069799070997,0,False,
Goldman Sachs Group Inc,12/31/2010,0.38081411219099365,0.3690993764840896,0.011714735706904067,0,False,
Goldman Sachs Group Inc,03/31/2011,0.39203039306246373,0.4041354892513578,-0.012105096188894049,0,False,
Goldman Sachs Group Inc,06/30/2011,0.3770669143342732,0.37487886678238397,0.0021880475518892273,0,False,
Goldman Sachs Group Inc,09/30/2011,0.40186038239140714,0.3837798983917325,0.018080483999674657,0,False,
Goldman Sachs Group Inc,12/31/2011,0.4077829428374164,0.36866245726616703,0.039120485571249364,0,False,
Goldman Sachs Group Inc,03/31/2012,0.3932325563570908,0.3957352527016417,-0.0025026963445509143,0,False,
Goldman Sachs Group Inc,06/30/2012,0.4027665672791275,0.39076962461531917,0.011996942663808352,0,False,
Goldman Sachs Group Inc,09/30/2012,0.36499724004356804,0.3559479937787195,0.009049246264848543,0,False,
Goldman Sachs Group Inc,12/31/2012,0.36518624567771246,0.35886591181152766,0.006320333866184802,0,False,
Goldman Sachs Group Inc,03/31/2013,0.3859540604770325,0.3844613623744541,0.0014926981025784047,0,False,
Goldman Sachs Group Inc,06/30/2013,0.39652321840235377,0.379374554686189,0.017148663716164747,0,False,
Goldman Sachs Group Inc,09/30/2013,0.3877093896626696,0.3600012809369255,0.027708108725744085,0,False,
Goldman Sachs Group Inc,12/31/2013,0.3730485273820472,0.3558351868268044,0.017213340555242818,0,False,
Goldman Sachs Group Inc,03/31/2014,0.39079668045062044,0.38263378077924753,0.008162899671372903,0,False,
Goldman Sachs Group Inc,06/30/2014,0.36344236288028525,0.36669888611792195,-0.0032565232376366993,0,False,
Goldman Sachs Group Inc,09/30/2014,0.3642958780920533,0.35198976355853556,0.012306114533517765,0,False,
Goldman Sachs Group Inc,12/31/2014,0.38361000776026055,0.3550111079423022,0.02859889981795838,0,False,
Goldman Sachs Group Inc,03/31/2015,0.3843209570121168,0.38350350310262443,0.0008174539094923938,0,False,
Goldman Sachs Group Inc,06/30/2015,0.38783903099871775,0.36522920158795263,0.022609829410765114,0,False,
Goldman Sachs Group Inc,09/30/2015,0.3518751757078113,0.33892902904850625,0.012946146659305047,0,False,
Goldman Sachs Group Inc,12/31/2015,0.36639303987331434,0.3502709827758088,0.016122057097505527,0,False,
Goldman Sachs Group Inc,03/31/2016,0.3891124479540639,0.3780275069123598,0.0110849410417041,0,False,
Goldman Sachs Group Inc,06/30/2016,0.4149687972920354,0.3649903538050292,0.0499784434870062,0,False,
Goldman Sachs Group Inc,09/30/2016,0.35076370852960076,0.34628802830054145,0.004475680229059309,0,False,
Goldman Sachs Group Inc,12/31/2016,0.3693454107129144,0.3532920786217404,0.01605333209117399,0,False,
Goldman Sachs Group Inc,03/31/2017,0.3905603755548814,0.3769232764833879,0.013637099071493464,0,False,
Goldman Sachs Group Inc,06/30/2017,0.4042058440677333,0.3709919993479808,0.03321384471975247,0,False,
Goldman Sachs Group Inc,09/30/2017,0.36992326345650184,0.34500747107523644,0.0249157923812654,0,False,
Goldman Sachs Group Inc,12/31/2017,0.37104244091278793,0.35449864586892826,0.016543795043859666,0,False,
Goldman Sachs Group Inc,03/31/2018,0.40125250750499303,0.38453181488112853,0.016720692623864497,0,False,
Goldman Sachs Group Inc,06/30/2018,0.3817346468866271,0.3619191468628366,0.01981550002379051,0,False,
Goldman Sachs Group Inc,09/30/2018,0.34386104184332733,0.34096512506907356,0.0028959167742537706,0,False,
Goldman Sachs Group Inc,12/31/2018,0.38297652278004046,0.3529799794826663,0.029996543297374167,0,False,
Goldman Sachs Group Inc,03/31/2019,0.3917179142987678,0.3738421445616649,0.017875769737102865,0,False,
Goldman Sachs Group Inc,06/30/2019,0.37671198908891396,0.35561596345036534,0.02109602563854862,0,False,
Goldman Sachs Group Inc,09/30/2019,0.3751977745905945,0.3446247968587608,0.030572977731833706,0,False,
Goldman Sachs Group Inc,12/31/2019,0.3676739909559267,0.3476759859155561,0.01999800504037058,0,False,
Goldman Sachs Group Inc,03/31/2020,0.468282110373155,0.4506172332442329,0.017664877128922063,1,False,
Goldman Sachs Group Inc,06/30/2020,0.4114082342879981,0.3943036662411797,0.017104568046818425,0,False,
Goldman Sachs Group Inc,09/30/2020,0.37800500546148386,0.3557326846584398,0.022272320803044032,0,False,
Goldman Sachs Group Inc,12/31/2020,0.39106263317716267,0.3760578158530851,0.015004817324077546,0,False,
Goldman Sachs Group Inc,03/31/2021,0.43321743777675686,0.4077153845762509,0.02550205320050597,0,False,
Goldman Sachs Group Inc,06/30/2021,0.39152026194867146,0.37284905480698655,0.01867120714168491,0,False,
Goldman Sachs Group Inc,09/30/2021,0.37455317223472107,0.3584998475730054,0.016053324661715662,0,False,
Goldman Sachs Group Inc,12/31/2021,0.36208719454320615,0.35577582674048247,0.0063113678027236775,0,False,
Goldman Sachs Group Inc,03/31/2022,0.4289224182359014,0.40069382181289287,0.028228596423008512,0,False,
Goldman Sachs Group Inc,06/30/2022,0.3965224476554625,0.39457419102934255,0.0019482566261199707,0,False,
Goldman Sachs Group Inc,12/31/2022,0.4438972009393738,0.372266098458575,0.07163110248079879,1,False,
Goldman Sachs Group Inc,12/31/2023,0.4600103539660075,0.36545168717058907,0.09455866679541841,1,False,
Goldman Sachs Group Inc,06/30/2024,0.42821089351796116,0.3663083319162546,0.06190256160170654,0,False,
Goldman Sachs Group Inc,09/30/2024,0.3807813498960781,0.35241078737004733,0.028370562526030763,0,False,
Goldman Sachs Group Inc,09/30/2025,0.4137123976262524,0.35821351361888865,0.05549888400736375,0,False,
Goldman Sachs Group Inc,12/31/2025,0.3841265515925412,0.36466492639184106,0.01946162520070016,0,False,
